method,hidden_size,lr,gamma,eps_start,win_rate,best_episode,best_dones,avg_reward,loss,q_step
DQN,128,0.01,0.4,1.0,0.939,405,960,-610,37648256.0,-34.87956619262695
DQN,128,0.01,0.99,1.0,0.385,30,1000,-6150,8858633.0,-4922.08203125
